{
    "name": "root",
    "gauges": {
        "Match3VectorObs.Policy.Entropy.mean": {
            "value": 0.0003602268698159605,
            "min": -1.0716865261883868e-07,
            "max": 1.6452479362487793,
            "count": 500
        },
        "Match3VectorObs.Policy.Entropy.sum": {
            "value": 3.7795002460479736,
            "min": -0.0010695431847125292,
            "max": 17178.06640625,
            "count": 500
        },
        "Match3VectorObs.Step.mean": {
            "value": 4999984.0,
            "min": 9984.0,
            "max": 4999984.0,
            "count": 500
        },
        "Match3VectorObs.Step.sum": {
            "value": 4999984.0,
            "min": 9984.0,
            "max": 4999984.0,
            "count": 500
        },
        "Match3VectorObs.Policy.ExtrinsicValueEstimate.mean": {
            "value": 0.06587670743465424,
            "min": 0.054095230996608734,
            "max": 0.06869114935398102,
            "count": 500
        },
        "Match3VectorObs.Policy.ExtrinsicValueEstimate.sum": {
            "value": 5.336013317108154,
            "min": 4.327618598937988,
            "max": 5.523901462554932,
            "count": 500
        },
        "Match3VectorObs.Losses.PolicyLoss.mean": {
            "value": 0.19552906662597408,
            "min": 0.18278386209068623,
            "max": 0.21812973408668768,
            "count": 500
        },
        "Match3VectorObs.Losses.PolicyLoss.sum": {
            "value": 4.1061103991454555,
            "min": 3.6556772418137244,
            "max": 4.47535110900866,
            "count": 500
        },
        "Match3VectorObs.Losses.ValueLoss.mean": {
            "value": 2.602454472988166e-06,
            "min": 1.114496294070862e-06,
            "max": 0.00018268227112925334,
            "count": 500
        },
        "Match3VectorObs.Losses.ValueLoss.sum": {
            "value": 5.465154393275149e-05,
            "min": 2.228992588141724e-05,
            "max": 0.003653645422585067,
            "count": 500
        },
        "Match3VectorObs.Policy.LearningRate.mean": {
            "value": 0.00030000000000000003,
            "min": 0.00030000000000000003,
            "max": 0.00030000000000000003,
            "count": 500
        },
        "Match3VectorObs.Policy.LearningRate.sum": {
            "value": 0.0063,
            "min": 0.006,
            "max": 0.0063,
            "count": 500
        },
        "Match3VectorObs.Policy.Epsilon.mean": {
            "value": 0.2,
            "min": 0.2,
            "max": 0.2,
            "count": 500
        },
        "Match3VectorObs.Policy.Epsilon.sum": {
            "value": 4.2,
            "min": 4.0,
            "max": 4.2,
            "count": 500
        },
        "Match3VectorObs.Policy.Beta.mean": {
            "value": 0.005,
            "min": 0.005,
            "max": 0.005,
            "count": 500
        },
        "Match3VectorObs.Policy.Beta.sum": {
            "value": 0.10500000000000001,
            "min": 0.1,
            "max": 0.10500000000000001,
            "count": 500
        },
        "Match3VectorObs.Environment.EpisodeLength.mean": {
            "value": 498.0,
            "min": 498.0,
            "max": 498.2,
            "count": 500
        },
        "Match3VectorObs.Environment.EpisodeLength.sum": {
            "value": 9960.0,
            "min": 9960.0,
            "max": 11952.0,
            "count": 500
        },
        "Match3VectorObs.Environment.CumulativeReward.mean": {
            "value": 0.32996665970200584,
            "min": 0.30846999008208514,
            "max": 0.34324999153614044,
            "count": 500
        },
        "Match3VectorObs.Environment.CumulativeReward.sum": {
            "value": 6.929299853742123,
            "min": 6.169399801641703,
            "max": 7.0270997285842896,
            "count": 500
        },
        "Match3VectorObs.Policy.ExtrinsicReward.mean": {
            "value": 0.32996665970200584,
            "min": 0.30846999008208514,
            "max": 0.34324999153614044,
            "count": 500
        },
        "Match3VectorObs.Policy.ExtrinsicReward.sum": {
            "value": 6.929299853742123,
            "min": 6.169399801641703,
            "max": 7.0270997285842896,
            "count": 500
        },
        "Match3VectorObs.IsTraining.mean": {
            "value": 1.0,
            "min": 1.0,
            "max": 1.0,
            "count": 500
        },
        "Match3VectorObs.IsTraining.sum": {
            "value": 1.0,
            "min": 1.0,
            "max": 1.0,
            "count": 500
        }
    },
    "metadata": {
        "timer_format_version": "0.1.0",
        "start_time_seconds": "1699108966",
        "python_version": "3.8.17 (default, Jul  5 2023, 20:44:21) [MSC v.1916 64 bit (AMD64)]",
        "command_line_arguments": "D:\\Anaconda\\envs\\MlagentsLearning\\Scripts\\mlagents-learn Match3.yaml --force",
        "mlagents_version": "0.30.0",
        "mlagents_envs_version": "0.30.0",
        "communication_protocol_version": "1.5.0",
        "pytorch_version": "1.7.1+cu110",
        "numpy_version": "1.21.2",
        "end_time_seconds": "1699141382"
    },
    "total": 32416.7011337,
    "count": 1,
    "self": 0.02331680000133929,
    "children": {
        "run_training.setup": {
            "total": 0.10896309999999998,
            "count": 1,
            "self": 0.10896309999999998
        },
        "TrainerController.start_learning": {
            "total": 32416.5688538,
            "count": 1,
            "self": 28.723828001358925,
            "children": {
                "TrainerController._reset_env": {
                    "total": 7.438913099999999,
                    "count": 1,
                    "self": 7.438913099999999
                },
                "TrainerController.advance": {
                    "total": 32380.29568879864,
                    "count": 1252629,
                    "self": 27.863932296193525,
                    "children": {
                        "env_step": {
                            "total": 12669.737733301821,
                            "count": 1252629,
                            "self": 7452.959686202355,
                            "children": {
                                "SubprocessEnvManager._take_step": {
                                    "total": 5197.90165270006,
                                    "count": 1252629,
                                    "self": 85.97326429864916,
                                    "children": {
                                        "TorchPolicy.evaluate": {
                                            "total": 5111.928388401411,
                                            "count": 1250124,
                                            "self": 5111.928388401411
                                        }
                                    }
                                },
                                "workers": {
                                    "total": 18.87639439940562,
                                    "count": 1252629,
                                    "self": 0.0,
                                    "children": {
                                        "worker_root": {
                                            "total": 32372.281069201323,
                                            "count": 1252629,
                                            "is_parallel": true,
                                            "self": 26490.989995102085,
                                            "children": {
                                                "steps_from_proto": {
                                                    "total": 0.0008353999999997086,
                                                    "count": 1,
                                                    "is_parallel": true,
                                                    "self": 0.0003609000000004414,