{
    "name": "root",
    "gauges": {
        "Match3VectorObs.Policy.Entropy.mean": {
            "value": 4.723686652141623e-05,
            "min": -1.1920927533992653e-07,
            "max": 0.0002642562612891197,
            "count": 4
        },
        "Match3VectorObs.Policy.Entropy.sum": {
            "value": 0.47208523750305176,
            "min": -2.3841855636419496e-06,
            "max": 2.640977144241333,
            "count": 4
        },
        "Match3VectorObs.Environment.EpisodeLength.mean": {
            "value": 18.0,
            "min": 18.0,
            "max": 19.0,
            "count": 4
        },
        "Match3VectorObs.Environment.EpisodeLength.sum": {
            "value": 9468.0,
            "min": 19.0,
            "max": 9486.0,
            "count": 4
        },
        "Match3VectorObs.IsTraining.mean": {
            "value": 1.0,
            "min": 1.0,
            "max": 1.0,
            "count": 4
        },
        "Match3VectorObs.IsTraining.sum": {
            "value": 1.0,
            "min": 1.0,
            "max": 1.0,
            "count": 4
        },
        "Match3VectorObs.Step.mean": {
            "value": 9029982.0,
            "min": 9009994.0,
            "max": 9029982.0,
            "count": 3
        },
        "Match3VectorObs.Step.sum": {
            "value": 9029982.0,
            "min": 9009994.0,
            "max": 9029982.0,
            "count": 3
        },
        "Match3VectorObs.Policy.ExtrinsicValueEstimate.mean": {
            "value": 0.15194249153137207,
            "min": 0.15089689195156097,
            "max": 0.15194249153137207,
            "count": 3
        },
        "Match3VectorObs.Policy.ExtrinsicValueEstimate.sum": {
            "value": 79.9217529296875,
            "min": 79.37176513671875,
            "max": 79.9217529296875,
            "count": 3
        },
        "Match3VectorObs.Environment.CumulativeReward.mean": {
            "value": 0.029280228533219023,
            "min": 0.029177989142697723,
            "max": 0.02937547572155416,
            "count": 3
        },
        "Match3VectorObs.Environment.CumulativeReward.sum": {
            "value": 15.401400208473206,
            "min": 15.3768002782017,
            "max": 15.451500229537487,
            "count": 3
        },
        "Match3VectorObs.Policy.ExtrinsicReward.mean": {
            "value": 0.029280228533219023,
            "min": 0.029177989142697723,
            "max": 0.02937547572155416,
            "count": 3
        },
        "Match3VectorObs.Policy.ExtrinsicReward.sum": {
            "value": 15.401400208473206,
            "min": 15.3768002782017,
            "max": 15.451500229537487,
            "count": 3
        },
        "Match3VectorObs.Losses.PolicyLoss.mean": {
            "value": 0.18895927726860262,
            "min": 0.18728701792967817,
            "max": 0.18895927726860262,
            "count": 3
        },
        "Match3VectorObs.Losses.PolicyLoss.sum": {
            "value": 14.171945795145197,
            "min": 14.046526344725862,
            "max": 14.171945795145197,
            "count": 3
        },
        "Match3VectorObs.Losses.ValueLoss.mean": {
            "value": 8.940935689736307e-06,
            "min": 7.250702298999081e-06,
            "max": 8.940935689736307e-06,
            "count": 3
        },
        "Match3VectorObs.Losses.ValueLoss.sum": {
            "value": 0.000670570176730223,
            "min": 0.0005438026724249311,
            "max": 0.000670570176730223,
            "count": 3
        },
        "Match3VectorObs.Policy.LearningRate.mean": {
            "value": 0.00030000000000000003,
            "min": 0.00030000000000000003,
            "max": 0.00030000000000000003,
            "count": 3
        },
        "Match3VectorObs.Policy.LearningRate.sum": {
            "value": 0.022500000000000003,
            "min": 0.022500000000000003,
            "max": 0.022500000000000003,
            "count": 3
        },
        "Match3VectorObs.Policy.Epsilon.mean": {
            "value": 0.19999999999999998,
            "min": 0.19999999999999998,
            "max": 0.19999999999999998,
            "count": 3
        },
        "Match3VectorObs.Policy.Epsilon.sum": {
            "value": 14.999999999999998,
            "min": 14.999999999999998,
            "max": 14.999999999999998,
            "count": 3
        },
        "Match3VectorObs.Policy.Beta.mean": {
            "value": 0.005,
            "min": 0.005,
            "max": 0.005,
            "count": 3
        },
        "Match3VectorObs.Policy.Beta.sum": {
            "value": 0.375,
            "min": 0.375,
            "max": 0.375,
            "count": 3
        }
    },
    "metadata": {
        "timer_format_version": "0.1.0",
        "start_time_seconds": "1699972266",
        "python_version": "3.8.17 (default, Jul  5 2023, 20:44:21) [MSC v.1916 64 bit (AMD64)]",
        "command_line_arguments": "D:\\Anaconda\\envs\\MlagentsLearning\\Scripts\\mlagents-learn Match3.yaml --resume",
        "mlagents_version": "0.30.0",
        "mlagents_envs_version": "0.30.0",
        "communication_protocol_version": "1.5.0",
        "pytorch_version": "1.7.1+cu110",
        "numpy_version": "1.21.2",
        "end_time_seconds": "1699972694"
    },
    "total": 428.3549963,
    "count": 1,
    "self": 0.018309799999997267,
    "children": {
        "run_training.setup": {
            "total": 0.13560909999999993,
            "count": 1,
            "self": 0.13560909999999993
        },
        "TrainerController.start_learning": {
            "total": 428.2010774,
            "count": 1,
            "self": 0.7321253999948567,
            "children": {
                "TrainerController._reset_env": {
                    "total": 15.0218385,
                    "count": 1,
                    "self": 15.0218385
                },
                "TrainerController.advance": {
                    "total": 412.31507520000514,
                    "count": 32367,
                    "self": 0.734134300003177,
                    "children": {
                        "env_step": {
                            "total": 284.0818125000021,
                            "count": 32367,
                            "self": 149.8830911000013,
                            "children": {
                                "SubprocessEnvManager._take_step": {
                                    "total": 133.7231498000037,
                                    "count": 32367,
                                    "self": 2.029623600009387,
                                    "children": {
                                        "TorchPolicy.evaluate": {
                                            "total": 131.69352619999432,
                                            "count": 30749,
                                            "self": 131.69352619999432
                                        }
                                    }
                                },
                                "workers": {
                                    "total": 0.47557159999710663,
                                    "count": 32366,
                                    "self": 0.0,
                                    "children": {
                                        "worker_root": {
                                            "total": 380.0463687999976,
                                            "count": 32366,
                                            "is_parallel": true,
                                            "self": 298.9266759999972,
                                            "children": {
                                                "steps_from_proto": {
                                                    "total": 0.0005263000000006457,
                                                    "count": 1,
                                                    "is_parallel": true,